<?xml version="1.0" encoding="UTF-8"?>
<beans xmlns="http://www.springframework.org/schema/beans" xmlns:xsi="http://www.w3.org/2001/XMLSchema-instance"
       xsi:schemaLocation="http://www.springframework.org/schema/beans http://www.springframework.org/schema/beans/spring-beans.xsd">

    <bean id="processEngineConfiguration" class="org.activiti.spring.SpringProcessEngineConfiguration">
        <property name="dataSource" ref="dataSource" />
        <property name="transactionManager" ref="transactionManager" />
        <property name="databaseSchemaUpdate" value="true" />
        <property name="mailServerHost" value="localhost" />
        <property name="mailServerPort" value="5025" />
        <property name="activityFontName" value="宋体" />
        <property name="labelFontName" value="宋体" />
        <!--
        <property name="deploymentResources" value="classpath:/bpmn/*.bpmn" />
        <property name="deploymentMode" value="single-resource" />
        -->

    </bean>

    <bean id="processEngine" class="org.activiti.spring.ProcessEngineFactoryBean">
        <property name="processEngineConfiguration" ref="processEngineConfiguration" />
    </bean>

    <bean id="repositoryService" factory-bean="processEngine" factory-method="getRepositoryService" />
    <bean id="runtimeService" factory-bean="processEngine" factory-method="getRuntimeService" />
    <bean id="taskService" factory-bean="processEngine" factory-method="getTaskService" />
    <bean id="formService" factory-bean="processEngine" factory-method="getFormService" />
    <bean id="historyService" factory-bean="processEngine" factory-method="getHistoryService" />
    <bean id="managementService" factory-bean="processEngine" factory-method="getManagementService" />
    <bean id="identityService" factory-bean="processEngine" factory-method="getIdentityService" />

</beans>