<?xml version="1.0" encoding="UTF-8"?>
<ehcache name="shiroCache">

    <diskStore path="java.io.tmpdir/cflwork-shiro-ehcache"/>

    <defaultCache eternal="false" maxElementsInMemory="1000"
                  overflowToDisk="false" diskPersistent="false" timeToIdleSeconds="0"
                  timeToLiveSeconds="600" memoryStoreEvictionPolicy="LRU"/>
    <cache name="user" eternal="false" maxElementsInMemory="10000"
           overflowToDisk="false" diskPersistent="false" timeToIdleSeconds="0"
           timeToLiveSeconds="0" memoryStoreEvictionPolicy="LFU"/>

    <!-- 登录记录缓存 -->
    <cache name="passwordRetryCache"
           maxEntriesLocalHeap="2000"
           eternal="false"
           timeToIdleSeconds="3600"
           timeToLiveSeconds="0"
           overflowToDisk="false"
           statistics="true">
    </cache>

    <!-- 授权缓存 -->
    <cache name="authorizationCache"
           maxEntriesLocalHeap="2000"
           eternal="false"
           timeToIdleSeconds="3600"
           timeToLiveSeconds="0"
           overflowToDisk="false"
           statistics="true">
    </cache>

    <!-- 认证缓存 -->
    <cache name="authenticationCache"
           maxEntriesLocalHeap="2000"
           eternal="false"
           timeToIdleSeconds="3600"
           timeToLiveSeconds="0"
           overflowToDisk="false"
           statistics="true">
    </cache>

    <cache name="shiro-activeSessionCache"
           maxEntriesLocalHeap="2000"
           eternal="false"
           timeToIdleSeconds="3600"
           timeToLiveSeconds="0"
           overflowToDisk="false"
           statistics="true">
    </cache>

    <cache name="shiro-kickout-session"
           maxEntriesLocalHeap="2000"
           eternal="false"
           timeToIdleSeconds="3600"
           timeToLiveSeconds="0"
           overflowToDisk="false"
           statistics="true">
    </cache>

</ehcache>