<?xml version="1.0" encoding="UTF-8"?>
<beans xmlns="http://www.springframework.org/schema/beans"
       xmlns:xsi="http://www.w3.org/2001/XMLSchema-instance"
       xmlns:context="http://www.springframework.org/schema/context"
       xmlns:task="http://www.springframework.org/schema/task"
       xsi:schemaLocation="http://www.springframework.org/schema/beans http://www.springframework.org/schema/beans/spring-beans.xsd
       http://www.springframework.org/schema/context http://www.springframework.org/schema/context/spring-context.xsd
       http://www.springframework.org/schema/task http://www.springframework.org/schema/task/spring-task-3.1.xsd">
       <task:annotation-driven />
       <context:annotation-config />
       <context:component-scan base-package="top.cflwork"/>
       <bean class="org.springframework.beans.factory.annotation.AutowiredAnnotationBeanPostProcessor"/>
       <bean id="dozerMapper" class="org.dozer.spring.DozerBeanMapperFactoryBean">
              <property name="mappingFiles">
                     <list>

                     </list>
              </property>
       </bean>

</beans>