<?xml version="1.0" encoding="UTF-8"?>
<beans xmlns="http://www.springframework.org/schema/beans"
       xmlns:util="http://www.springframework.org/schema/util"
       xmlns:xsi="http://www.w3.org/2001/XMLSchema-instance"
       xsi:schemaLocation="
       http://www.springframework.org/schema/beans http://www.springframework.org/schema/beans/spring-beans.xsd
       http://www.springframework.org/schema/util http://www.springframework.org/schema/util/spring-util.xsd">

	<bean id="cacheManager" class="org.apache.shiro.cache.ehcache.EhCacheManager">
        <property name="cacheManagerConfigFile" value="classpath:/config/ehcache-shiro.xml" />
    </bean>
    <bean id="appShiroRealm" class="top.cflwork.security.shiro.AppShiroRealm"></bean>
    <bean id="securityManager" class="org.apache.shiro.web.mgt.DefaultWebSecurityManager">  
        <property name="realm" ref="appShiroRealm"/>
        <property name="cacheManager" ref="cacheManager"/>
    </bean>
      
    <bean id="shiroFilter" class="org.apache.shiro.spring.web.ShiroFilterFactoryBean">   
        <property name="securityManager" ref="securityManager"/>
        <property name="loginUrl" value="/login.jsp"/>
        <property name="unauthorizedUrl" value="/unauth.jsp"/>
        <property name="filterChainDefinitions">
            <value>  
                /login = anon
                /static/css/**=anon
                /static/images/**=anon
                /static/js/**=anon
                /static/plugins/**=anon
            </value>    
        </property>    
    </bean>
    <bean class="org.springframework.web.servlet.view.InternalResourceViewResolver">
        <property name="prefix" value="/WEB-INF/views/"/>
        <property name="suffix" value=".jsp"/>
    </bean>
    <bean id="sessionManager" class="org.apache.shiro.web.session.mgt.DefaultWebSessionManager">
        <property name="sessionDAO" ref="sessionDAO" />
    </bean>
    <bean id="sessionDAO" class="org.apache.shiro.session.mgt.eis.MemorySessionDAO" >
    </bean>
    <bean id="lifecycleBeanPostProcessor" class="org.apache.shiro.spring.LifecycleBeanPostProcessor" />
</beans>  