<?xml version="1.0" encoding="UTF-8" ?>
<!DOCTYPE mapper PUBLIC "-//mybatis.org//DTD Mapper 3.0//EN" "http://mybatis.org/dtd/mybatis-3-mapper.dtd" >
<mapper namespace="top.cflwork.dao.CashSubjectDAO">
    <resultMap id="cashSubjectMap" type="top.cflwork.vo.CashSubjectVo"></resultMap>
    <sql id="Base_Column_List">id, title,description,create_time,is_active</sql>
    <sql id="search">
        <if test="#{searchVal!=null} and #{searchVal!=''}">
            and (title like concat('%${searchVal}%')
            or description like concat ('%${searchVal}%')
            or is_active like concat ('%${searchVal}%'))
        </if>
    </sql>
    <select id="getById" resultMap="cashSubjectMap" parameterType="long">
        select
        <include refid="Base_Column_List"/>
        from t_cash_subject where id = #{id}
    </select>
    <delete id="removeById" parameterType="long">
        delete from t_cash_subject where id = #{id}
    </delete>
    <select id="listPage" resultMap="cashSubjectMap">
        select * from t_cash_subject where company_id=#{companyId} <include refid="search"/> order by create_time desc
    </select>
    <select id="listAll" resultMap="cashSubjectMap">
        select * from t_cash_subject where company_id=#{companyId}
    </select>
    <select id="count" resultType="java.lang.Long">
        select count(id) from t_cash_subject where company_id=#{companyId} <include refid="search"/>
    </select>
    <insert id="save" parameterType="cashSubjectVo">
        insert into t_cash_subject ( parent_id,title,description,is_active,company_id,create_time) values ( #{parentId},#{title},#{description},#{isActive},#{companyId},now())
    </insert>
    <update id="updateStatus">
        update t_cash_subject set is_active=#{status} where id=#{id}
    </update>
    <update id="update">
        update t_cash_subject set

                title = #{title},

                description = #{description}

        where id = #{id}
    </update>
</mapper>