<?xml version="1.0" encoding="UTF-8" ?>
<!DOCTYPE mapper PUBLIC "-//mybatis.org//DTD Mapper 3.0//EN" "http://mybatis.org/dtd/mybatis-3-mapper.dtd" >
<mapper namespace="top.cflwork.dao.CharSayDAO">
    <resultMap id="charSayMap" type="top.cflwork.vo.CharSayVo">
        <id column="id" property="id"></id>
        <result column="content" property="content"></result>
        <result column="is_active" property="isActive"></result>
        <result column="create_time" property="createTime"></result>
    </resultMap>
    <select id="getById" resultMap="charSayMap" parameterType="long">
        select t.*,b.hotel_sin_name,b.face_img from t_char_say t ,t_businessman b where t.businessman_id=b.id and t.id = #{id}
    </select>
    <delete id="removeById" parameterType="long">
        delete from t_char_say where id = #{id}
    </delete>
    <select id="listPage" resultMap="charSayMap">
        select t.*,b.hotel_sin_name,b.face_img from t_char_say t ,t_businessman b where t.businessman_id=b.id order by t.create_time desc limit #{pageNo},#{pageSize}
    </select>
    <select id="myCharSayList" resultMap="charSayMap">
        select t.*,b.hotel_sin_name,b.face_img from t_char_say t ,t_businessman b where t.businessman_id=b.id and t.businessman_id=#{id} order by t.create_time desc
    </select>
    <select id="listAll" resultMap="charSayMap">
        select * from t_char_say
    </select>
    <select id="count" resultType="java.lang.Long">
        select count(t.id) from t_char_say t ,t_businessman b where t.businessman_id=b.id
    </select>
    <sql id="find">
        <if test="charSayVo.createTime!=null"> and t.create_time BETWEEN #{charSayVo.createTime} AND #{charSayVo.endTime}</if>
        <if test="charSayVo.businessManId!=null"> and t.businessman_id=#{charSayVo.businessManId}</if>
    </sql>
    <select id="findCharSayList" resultMap="charSayMap">
        select t.*,b.hotel_sin_name,b.face_img from t_char_say t ,t_businessman b where t.businessman_id=b.id <include refid="find"></include> order by t.create_time desc limit #{pageQuery.pageNo},#{pageQuery.pageSize}
    </select>
    <select id="findCharSayByCount" resultType="java.lang.Long">
        select count(t.id) from t_char_say t ,t_businessman b where t.businessman_id=b.id <include refid="find"></include>
    </select>
    <insert id="save" parameterType="charSayVo">
        insert into t_char_say (businessman_id, content, is_active) values ( #{businessManId}, #{content}, #{isActive})
    </insert>
    <update id="updateStatus">
        update t_char_say set is_active=#{status} where id=#{id}
    </update>
    <update id="update">
        update t_char_say set
                content = #{content}
        where id = #{id}
    </update>
</mapper>