<?xml version="1.0" encoding="UTF-8" ?>
<!DOCTYPE mapper PUBLIC "-//mybatis.org//DTD Mapper 3.0//EN" "http://mybatis.org/dtd/mybatis-3-mapper.dtd" >
<mapper namespace="top.cflwork.dao.CharDAO">
    <resultMap id="charMap" type="top.cflwork.vo.CharVo">
        <id column="id" property="id"></id>
        <result column="content" property="content"></result>
        <result column="is_active" property="isActive"></result>
        <result column="create_time" property="createTime"></result>
        <result column="businessman_id" property="businessManId"></result>
        <association property="businessManVo" javaType="top.cflwork.vo.BusinessManVo">
            <result column="hotel_sin_name" property="hotelSinName"></result>
            <result column="face_img" property="faceImg"></result>
        </association>
    </resultMap>
    <resultMap id="charsMap" type="top.cflwork.vo.CharVo">
        <id column="id" property="id"></id>
        <result column="content" property="content"></result>
        <result column="is_active" property="isActive"></result>
        <result column="create_time" property="createTime"></result>
        <result column="img_url" property="imgUrl"></result>
        <association property="businessManVo" javaType="top.cflwork.vo.BusinessManVo">
            <result column="hotel_sin_name" property="hotelSinName"></result>
            <result column="face_img" property="faceImg"></result>
        </association>
        <collection property="charSayVoList" ofType="top.cflwork.vo.CharSayVo">
            <result column="scontent" property="content"></result>
            <result column="name" property="name"></result>
        </collection>
    </resultMap>
    <select id="getById" resultMap="charMap" parameterType="long">
        select t.*,b.hotel_sin_name,b.face_img from t_char t ,t_businessman b where t.businessman_id=b.id and t.id = #{id}
    </select>
    <delete id="removeById" parameterType="long">
        delete from t_char where id = #{id}
    </delete>
    <delete id="deleteChar" parameterType="long">
        delete from t_char where businessman_id = #{id}
    </delete>
    <select id="listPage" resultMap="charMap">
        select t.*,b.hotel_sin_name,b.face_img from t_char t ,t_businessman b where t.businessman_id=b.id order by t.create_time desc limit #{pageNo},#{pageSize}
    </select>
    <select id="myCharList" resultMap="charMap">
        select t.*,b.hotel_sin_name,b.face_img from t_char t ,t_businessman b where t.businessman_id=b.id and t.businessman_id=#{id} order by t.create_time desc
    </select>
    <select id="listAll" resultMap="charMap">
        select * from t_char
    </select>
    <select id="count" resultType="java.lang.Long">
        select count(t.id) from t_char t ,t_businessman b where t.businessman_id=b.id
    </select>
    <sql id="find">
        <if test="charVo.createTime!=null"> and t.create_time BETWEEN #{charVo.createTime} AND #{charVo.endTime}</if>
        <if test="charVo.businessManId!=null"> and t.businessman_id=#{charVo.businessManId}</if>
    </sql>
    <select id="findCharList" resultMap="charMap">
        select t.*,b.hotel_sin_name,b.face_img  from t_char t ,t_businessman b where t.businessman_id=b.id <include refid="find"></include> order by t.create_time desc limit #{pageQuery.pageNo},#{pageQuery.pageSize}
    </select>
    <select id="findCharByCount" resultType="java.lang.Long">
        select count(t.id) from t_char t ,t_businessman b where t.businessman_id=b.id <include refid="find"></include>
    </select>
    <insert id="save" parameterType="charVo">
        insert into t_char (businessman_id, content, is_active,img_url) values ( #{businessManId}, #{content}, #{isActive},#{imgUrl})
    </insert>
    <update id="updateStatus">
        update t_char set is_active=#{status} where id=#{id}
    </update>
    <update id="update">
        update t_char set
                content = #{content}
        where id = #{id}
    </update>
</mapper>