<?xml version="1.0" encoding="UTF-8" ?>
<!DOCTYPE mapper PUBLIC "-//mybatis.org//DTD Mapper 3.0//EN" "http://mybatis.org/dtd/mybatis-3-mapper.dtd" >
<mapper namespace="top.cflwork.dao.CompanyDAO">
    <resultMap id="companyMap" type="companyVo"></resultMap>
    <select id="getById" resultMap="companyMap" parameterType="long">
        select *
        from t_company where id = #{id}
    </select>
    <delete id="removeById" parameterType="long">
        delete from t_company where id = #{id}
    </delete>
    <select id="checkName" resultType="int">
        select count(*) from t_company where name=#{name} and id!=#{id}
    </select>
    <select id="listPage" resultMap="companyMap">
        select * from t_company limit #{pageNo},#{pageSize}
    </select>
    <select id="listAll" resultMap="companyMap">
        select * from t_company
    </select>
    <select id="count" resultType="java.lang.Long">
        select count(*) from t_company
    </select>
    <select id=""></select>
    <insert id="save" parameterType="companyVo">
        insert into t_company (name,represent,phone,tel,address,description) values ( #{name},#{represent},#{phone},#{tel},#{address},#{description})
    </insert>
    <update id="updateStatus">
        update t_company set is_active=#{status} where id=#{id}
    </update>
    <update id="update" parameterType="companyVo">
        update t_company set name =#{name}, represent=#{represent},phone=#{phone},tel=#{tel},address=#{address},description=#{description} where id=#{id}
    </update>
</mapper>