<?xml version="1.0" encoding="UTF-8" ?>
<!DOCTYPE mapper PUBLIC "-//mybatis.org//DTD Mapper 3.0//EN" "http://mybatis.org/dtd/mybatis-3-mapper.dtd" >
<mapper namespace="top.cflwork.dao.HotelTypeDAO">
    <resultMap id="hotelTypeMap" type="top.cflwork.vo.HotelTypeVo"></resultMap>
    <resultMap id="select2VoMap" type="top.cflwork.vo.Select2Vo"></resultMap>
    <sql id="Base_Column_List">id, title,description,create_time,is_active</sql>
    <sql id="search">
        <if test="#{searchVal!=null} and #{searchVal!=''}">
            and (title like concat('%${searchVal}%')
            or description like concat ('%${searchVal}%')
            or is_active like concat ('%${searchVal}%'))
        </if>
    </sql>
    <select id="getById" resultMap="hotelTypeMap" parameterType="long">
        select
        <include refid="Base_Column_List"/>
        from t_hotel_type where id = #{id}
    </select>
    <delete id="removeById" parameterType="long">
        delete from t_hotel_type where id = #{id}
    </delete>
    <select id="listPage" resultMap="hotelTypeMap">
        select * from t_hotel_type where 1=1 <include refid="search"/> order by create_time desc limit #{pageNo},#{pageSize}
    </select>
    <select id="hotelTypeList" resultMap="select2VoMap">
        select id,title as text from t_hotel_type  where is_active=0
    </select>
    <select id="listAll" resultMap="hotelTypeMap">
        select * from t_hotel_type
    </select>
    <select id="count" resultType="java.lang.Long">
        select count(*) from t_hotel_type where 1=1 <include refid="search"/>
    </select>
    <insert id="save" parameterType="hotelTypeVo">
        insert into t_hotel_type ( title,description,is_active) values ( #{title},#{description},#{isActive})
    </insert>
    <update id="updateStatus">
        update t_hotel_type set is_active=#{status} where id=#{id}
    </update>
    <update id="update">
        update t_hotel_type set
                title = #{title},
                description = #{description}
        where id = #{id}
    </update>
</mapper>