<!DOCTYPE mapper
    PUBLIC "-//mybatis.org//DTD Mapper 3.0//EN"
    "http://mybatis.org/dtd/mybatis-3-mapper.dtd">

<mapper namespace="top.cflwork.dao.HouseDAO">
	<resultMap type="houseVo" id="houseMap">
		<id column="id" property="id"></id>
		<result column="card_title" property="cardTitle"></result>
		<result column="house_status" property="houseStatus"></result>
		<result column="create_time" property="createTime"></result>
		<result column="is_active" property="isActive"></result>
		<result column="house_type" property="houseType"></result>
		<result column="house_types" property="houseTypes"></result>
		<result column="area" property="area"></result>
		<association property="houseTypeVo" javaType="top.cflwork.vo.HouseTypeVo">
			<id column="htId" property="id"></id>
			<result column="title" property="title"></result>
			<result column="htdescription" property="description"></result>
		</association>
		<association property="hotelVo" javaType="top.cflwork.vo.HotelVo">
			<id column="hotelId" property="id"></id>
			<result column="hotelTitle" property="title"></result>
		</association>
	</resultMap>
	<resultMap id="houseTypeMap" type="select2Vo"></resultMap>
	<resultMap id="hotelMap" type="select2Vo"></resultMap>
	<resultMap id="userMap" type="select2Vo"></resultMap>
	<resultMap id="houseVoMap" type="houseVo"></resultMap>
	<sql id="search">
		<if test="#{searchVal!=null} and #{searchVal!=''}">
			and (t.card_title like concat('%${searchVal}%')
			or t.type like concat ('%${searchVal}%')
			or t.description like concat ('%${searchVal}%')
			or t.house_status like concat ('%${searchVal}%')
			or t.is_active like concat ('%${searchVal}%')
			or h.title like concat ('%${searchVal}%'))
		</if>
	</sql>
	<select id="houseTypeList" resultMap="houseTypeMap">
		select id,title as text from t_house_type where company_id=#{companyId} and hotel_id=#{id} and is_active=0
	</select>
	<select id="hotelList" resultMap="hotelMap" parameterType="long">
		select id,title as text from t_hotel where company_id=#{companyId} and is_active=0
	</select>
	<select id="userList" resultMap="userMap" parameterType="long">
		select id,nickname as text from t_user where company_id=#{companyId} and is_active=0
	</select>
	<select id="getById" resultMap="houseVoMap" parameterType="long">
		select * from t_house t where  t.id = #{id}
	</select>
	<delete id="removeById" parameterType="long">
		delete from t_house where id = #{id}
	</delete>
	<select id="listPage" resultMap="houseMap" >
		select t.*,ht.id as htId,ht.title,ht.description,h.title as hotelTitle,h.id as hotelId  from t_house t,t_house_type ht,t_hotel h where t.type=ht.id and t.hotel_id=h.id  and  t.company_id=#{companyId}
		<if test="hotelId!=null"> and t.hotel_id=#{hotelId}</if>
		<include refid="search" />order by t.card_title limit #{pageNo},#{pageSize}
	</select>
	<select id="findPages" resultMap="houseMap" >
		select t.*,ht.id as htId,ht.title,ht.description,h.title as hotelTitle,h.id as hotelId  from t_house t,t_house_type ht,t_hotel h where t.type=ht.id and t.hotel_id=h.id  and  t.company_id=#{pageQuery.companyId}
		<if test="houseVo.hotelId!=null"> and t.hotel_id=#{houseVo.hotelId}</if>
		<if test="houseVo.houseType!=null"> and t.house_type=#{houseVo.houseType}</if>
		<if test="houseVo.type!=null"> and t.type=#{houseVo.type}</if>
		<if test="houseVo.isActive!=null"> and t.is_active=#{houseVo.isActive}</if>
		<if test="houseVo.cardTitle!=null and houseVo.cardTitle!='' "> and t.card_title like concat('%${hotelVo.cardTitle}%')</if>
	</select>
	<select id="findCount" resultType="long">
		select count(*)  from t_house t,t_house_type ht,t_hotel h where t.type=ht.id and t.hotel_id=h.id  and t.company_id=#{pageQuery.companyId}
		<if test="houseVo.hotelId!=null"> and t.hotel_id=#{houseVo.hotelId}</if>
		<if test="houseVo.houseType!=null"> and t.house_type=#{houseVo.houseType}</if>
		<if test="houseVo.type!=null"> and t.type=#{houseVo.type}</if>
		<if test="houseVo.isActive!=null"> and t.is_active=#{houseVo.isActive}</if>
		<if test="houseVo.cardTitle!=null and houseVo.cardTitle!=''"> and t.card_title like concat('%${hotelVo.cardTitle}%')</if>
	</select>
	<select id="listAll" resultMap="houseMap">
		select t.*,ht.id as htId,ht.title,ht.description,h.title as hotelTitle,h.id as hotelId  from t_house t,t_house_type ht,t_hotel h where t.type=ht.id and t.hotel_id=h.id 
	</select>
	<select id="getHouseCardTitle" resultType="string" parameterType="long">
		select GROUP_CONCAT(card_title) from t_house where hotel_id=#{companyId}
	</select>
	<select id="count" resultType="long">
		select count(t.id)  from t_house t,t_house_type ht,t_hotel h where t.type=ht.id and t.hotel_id=h.id  and t.company_id=#{companyId}
		<if test="hotelId!=null"> and t.hotel_id=#{hotelId}</if>
		<include refid="search"/>
	</select>
	<insert id="save" parameterType="userVo">
		insert into t_house (card_title, type, description, hotel_id, house_status, is_active,company_id,create_time,house_types,house_type,area) values ( #{cardTitle}, #{type}, #{description}, #{hotelId}, #{houseStatus}, #{isActive},#{companyId},now(),#{houseTypes},#{houseType},#{area})
	</insert>
	<update id="updateStatus">
		update t_house
		<set>
			<if test="status != null and status!=''">is_active = #{status},
			</if>
			<if test="temp != null and temp!=''">house_types = #{temp},
			</if>
		</set>
		 where id=#{id}
	</update>
	<update id="update">
		update t_house set card_title=#{cardTitle},type=#{type},description=#{description},hotel_id=#{hotelId},house_status=#{houseStatus},house_type=#{houseType},house_types=#{houseTypes},area=#{area} where id = #{id}
	</update>
	<update id="updateHouseStatus">
		update t_house set house_status=#{statusQuery.status},leave_time=#{leaveTime} where id=#{statusQuery.houseId} and hotel_id=#{statusQuery.hotelId}
	</update>
	<select id="getHouseList" resultMap="houseTypeMap">
		select card_title as id,card_title as text,leave_time from t_house where is_active=0 and house_status=0 and  house_types=#{type} and (leave_time is null or now()>leave_time) and hotel_id=#{hotelId}
	</select>
</mapper>