<?xml version="1.0" encoding="UTF-8" ?>
<!DOCTYPE mapper PUBLIC "-//mybatis.org//DTD Mapper 3.0//EN" "http://mybatis.org/dtd/mybatis-3-mapper.dtd" >
<mapper namespace="top.cflwork.dao.HouseOthersItemDAO">
    <resultMap id="houseOthersItemMap" type="top.cflwork.vo.HouseOthersItemVo">
        <id column="id" property="id"></id>
        <result column="pay_money" property="payMoney"></result>
        <result column="pay_time" property="payTime"></result>
        <result column="is_cash" property="isCash"></result>
        <result column="hand" property="hander"></result>
        <result column="createTime" property="createTime"></result>
        <association property="companyVo" javaType="top.cflwork.vo.CompanyVo">
            <id column="cid" property="id"></id>
            <result column="name" property="name"></result>
        </association>
        <association property="houseVo" javaType="top.cflwork.vo.HouseVo">
            <id column="hid" property="id"></id>
            <result column="card_title" property="cardTitle"></result>
        </association>
        <association property="hotelVo" javaType="top.cflwork.vo.HotelVo">
            <id column="vid" property="id"></id>
            <result column="title" property="title"></result>
        </association>
        <association property="serviceSubjectVo" javaType="top.cflwork.vo.ServiceSubjectVo">
            <id column="sid" property="id"></id>
            <result column="stitle" property="title"></result>
        </association>
    </resultMap>
    <sql id="search">
        <if test="#{searchVal!=null} and #{searchVal!=''}">
            and (t.id like concat('%${searchVal}%')
            or t.company_id like concat ('%${searchVal}%')
            or t.hotel_id like concat ('%${searchVal}%')
            or t.house_id like concat ('%${searchVal}%')
            or t.item_name like concat ('%${searchVal}%')
            or t.pay_money like concat ('%${searchVal}%')
            or t.is_cash like concat ('%${searchVal}%')
            or t.hander like concat ('%${searchVal}%')
            or t.remark like concat ('%${searchVal}%')
            or s.title like concat ('%${searchVal}%')
            )
        </if>
    </sql>
    <resultMap id="select2Map" type="top.cflwork.vo.Select2Vo"></resultMap>
    <select id="getById" resultMap="houseOthersItemMap" parameterType="long">
        select * from t_house_others_item where id = #{id}
    </select>
    <delete id="removeById" parameterType="long">
        delete from t_house_others_item where id = #{id}
    </delete>
    <select id="subjectList" resultMap="select2Map">
        select id,title as text from t_service_subject where is_active=0
    </select>
    <select id="listPage" resultMap="houseOthersItemMap">
        select t.*,c.name,h.card_title,(select nickname from t_user where t.hander=t_user.id) as hand,v.title,s.title as stitle from t_house_others_item t,t_company c,t_house h,t_hotel v,t_service_subject s where t.company_id=c.id and t.house_id=h.id and t.hotel_id=v.id and s.id=t.item_name and t.company_id=#{companyId} and t.hotel_id=#{hotelId} and t.house_id=#{houseId} order by t.pay_time desc
    </select>
    <select id="listPages" resultMap="houseOthersItemMap">
        select t.*,c.name,h.card_title,(select nickname from t_user where t.hander=t_user.id) as hand,v.title,s.title as stitle from t_house_others_item t,t_company c,t_house h,t_hotel v,t_service_subject s where t.company_id=c.id and t.house_id=h.id and t.hotel_id=v.id and s.id=t.item_name and t.company_id=#{companyId} and t.hotel_id=#{hotelId} <include refid="search"></include>  order by t.pay_time desc
    </select>
    <select id="listAll" resultMap="houseOthersItemMap">
        select * from t_house_others_item where company_id=#{companyId} and hotel_id=#{hotelId} and house_id=#{houseId}
    </select>
    <select id="count" resultType="java.lang.Long">
        select count(*) from t_house_others_item where company_id=#{companyId} and hotel_id=#{hotelId} and house_id=#{houseId}
    </select>
    <select id="counts" resultType="java.lang.Long">
        select count(*) from t_house_others_item t,t_company c,t_house h,t_hotel v,t_service_subject s where t.company_id=c.id and t.house_id=h.id and t.hotel_id=v.id and s.id=t.item_name and t.company_id=#{companyId} and t.hotel_id=#{hotelId} <include refid="search"></include>
    </select>
    <select id=""></select>
    <insert id="save" parameterType="houseOthersItemVo">
        insert into t_house_others_item (company_id, hotel_id, house_id, item_name, pay_money, is_cash,  remark) values (#{companyId}, #{hotelId}, #{houseId}, #{itemName}, #{payMoney},  #{isCash},  #{remark})
    </insert>
</mapper>